{
    "best_f1_macro": 0.7241658993350413,
    "hyperparams": {
        "learning_rate": 0.0022049711198633957,
        "batch_size": 16,
        "lstm_hidden_size": 256,
        "num_lstm_layers": 2,
        "dropout_rate": 0.3139466193035466,
        "cnn_filters": 64
    }
}